{
  "Logistic Regression": {
    "auc": [
      0.6486358477817358,
      0.6201536352245816,
      0.6390818622530979,
      0.6453446952551511,
      0.6623678891438454
    ],
    "pr_auc": [
      0.7832161594464467,
      0.7536392806215768,
      0.7631094472794604,
      0.7669536393004823,
      0.789009257259051
    ],
    "accuracy": [
      0.603411513859275,
      0.5911513859275054,
      0.605543710021322,
      0.5943496801705757,
      0.5994666666666667
    ],
    "precision": [
      0.7709384460141272,
      0.7529527559055118,
      0.769690927218345,
      0.7636916835699797,
      0.7715163934426229
    ],
    "recall": [
      0.5964090554254489,
      0.5971896955503513,
      0.6026541764246682,
      0.5878220140515222,
      0.5878220140515222
    ],
    "f1": [
      0.6725352112676056,
      0.6660861993905094,
      0.6760070052539404,
      0.6643140714600794,
      0.667257421355782
    ]
  },
  "Random Forest": {
    "auc": [
      0.7261107721777236,
      0.7181259389001502,
      0.6912706066032972,
      0.7193362590938015,
      0.7281913593389004
    ],
    "pr_auc": [
      0.8319397510405271,
      0.8151198448230483,
      0.8071810046663801,
      0.8179657175953305,
      0.829574747831376
    ],
    "accuracy": [
      0.7121535181236673,
      0.7196162046908315,
      0.6892324093816631,
      0.7180170575692963,
      0.7109333333333333
    ],
    "precision": [
      0.7804693414080243,
      0.7802524127691166,
      0.7596726190476191,
      0.7879019908116386,
      0.7809885931558935
    ],
    "recall": [
      0.804839968774395,
      0.8204527712724434,
      0.7970335675253708,
      0.8032786885245902,
      0.8017174082747853
    ],
    "f1": [
      0.792467332820907,
      0.799847792998478,
      0.7779047619047619,
      0.7955160417471975,
      0.7912172573189522
    ]
  }
}