{
  "Logistic Regression": {
    "auc": [
      0.6486358477817358,
      0.6201536352245816,
      0.6390818622530979,
      0.6453446952551511,
      0.6623678891438454
    ],
    "pr_auc": [
      0.7832161594464467,
      0.7536392806215768,
      0.7631094472794604,
      0.7669536393004823,
      0.789009257259051
    ],
    "accuracy": [
      0.603411513859275,
      0.5911513859275054,
      0.605543710021322,
      0.5943496801705757,
      0.5994666666666667
    ],
    "precision": [
      0.7709384460141272,
      0.7529527559055118,
      0.769690927218345,
      0.7636916835699797,
      0.7715163934426229
    ],
    "recall": [
      0.5964090554254489,
      0.5971896955503513,
      0.6026541764246682,
      0.5878220140515222,
      0.5878220140515222
    ],
    "f1": [
      0.6725352112676056,
      0.6660861993905094,
      0.6760070052539404,
      0.6643140714600794,
      0.667257421355782
    ]
  },
  "Random Forest": {
    "auc": [
      0.6996608479457358,
      0.6929604628736741,
      0.6699978351996536,
      0.7028444164551066,
      0.7110383039344788
    ],
    "pr_auc": [
      0.8107424872808002,
      0.8059715564187158,
      0.7926663527486886,
      0.8058957642978302,
      0.8140735681215914
    ],
    "accuracy": [
      0.6966950959488273,
      0.7041577825159915,
      0.6897654584221748,
      0.7094882729211087,
      0.7088
    ],
    "precision": [
      0.7629246676514032,
      0.7673048600883653,
      0.7564196625091709,
      0.7792109256449166,
      0.7724240177909563
    ],
    "recall": [
      0.8064012490241999,
      0.8134270101483216,
      0.804839968774395,
      0.8017174082747853,
      0.8134270101483216
    ],
    "f1": [
      0.7840607210626186,
      0.7896930655551345,
      0.7798789712556732,
      0.7903039630627164,
      0.7923954372623574
    ]
  }
}