{
  "Logistic Regression": {
    "auc": [
      0.6493849999015999,
      0.6242641318822612,
      0.6420233667237387,
      0.6514035122245619,
      0.6656796957343405
    ],
    "pr_auc": [
      0.7813337091733608,
      0.7537126520902994,
      0.7682217091723231,
      0.7689496038812227,
      0.7893449643307464
    ],
    "accuracy": [
      0.6162046908315565,
      0.5986140724946695,
      0.6151385927505331,
      0.6076759061833689,
      0.6101333333333333
    ],
    "precision": [
      0.7785501489572989,
      0.7568093385214008,
      0.7695274831243973,
      0.7733199598796389,
      0.7766599597585513
    ],
    "recall": [
      0.6120218579234973,
      0.6073380171740828,
      0.6229508196721312,
      0.6018735362997658,
      0.6026541764246682
    ],
    "f1": [
      0.6853146853146853,
      0.6738847986141187,
      0.6885245901639344,
      0.6769095697980685,
      0.6786813186813186
    ]
  },
  "Random Forest": {
    "auc": [
      0.7227048196327711,
      0.7137792822046851,
      0.6860777097724337,
      0.7243362918938067,
      0.726953374494358
    ],
    "pr_auc": [
      0.8284415311739236,
      0.8184074201438669,
      0.8004333051662831,
      0.8259776684250998,
      0.8236410957399334
    ],
    "accuracy": [
      0.7180170575692963,
      0.7153518123667377,
      0.6924307036247335,
      0.7164179104477612,
      0.7194666666666667
    ],
    "precision": [
      0.781437125748503,
      0.773226042428676,
      0.7592047128129602,
      0.7813673929376409,
      0.7827715355805244
    ],
    "recall": [
      0.8149882903981265,
      0.825136612021858,
      0.804839968774395,
      0.8118657298985168,
      0.8157689305230289
    ],
    "f1": [
      0.7978601452044326,
      0.7983383685800605,
      0.7813565744600227,
      0.7963246554364471,
      0.7989296636085627
    ]
  }
}