{
  "best_params": {
    "depth": 6,
    "learning_rate": 0.09919519788419293,
    "iterations": 189,
    "l2_leaf_reg": 7.387017577422039,
    "random_strength": 0.26120548262616156,
    "bagging_temperature": 0.5550254101562853,
    "subsample": 0.7727129523322713,
    "border_count": 165
  },
  "best_auc": 0.7267310465611425,
  "cv_scores": {
    "auc": [
      0.7345154455224713,
      0.7285602765696442,
      0.6985174397627905,
      0.7313515570162492,
      0.7407105139345576
    ],
    "pr_auc": [
      0.8391923107980982,
      0.8281460684386008,
      0.811177279960724,
      0.8274745301435893,
      0.8393141297360732
    ],
    "accuracy": [
      0.7409381663113006,
      0.746268656716418,
      0.7276119402985075,
      0.7398720682302772,
      0.7296
    ],
    "precision": [
      0.7464352138871667,
      0.7492260061919505,
      0.7288941736028538,
      0.7434008594229589,
      0.7339782345828295
    ],
    "recall": [
      0.9398907103825137,
      0.9445745511319282,
      0.9570647931303669,
      0.9453551912568307,
      0.9476971116315379
    ],
    "f1": [
      0.8320663441603318,
      0.835635359116022,
      0.8275396557543031,
      0.8323024054982818,
      0.8272572402044293
    ]
  },
  "optimization_time_minutes": 0.7491819341977437
}