{
  "best_params": {
    "depth": 5,
    "learning_rate": 0.09282444444024737,
    "iterations": 357,
    "l2_leaf_reg": 6.56870740534098,
    "random_strength": 0.8735599405392358,
    "bagging_temperature": 0.34382047330755505,
    "subsample": 0.8736781718502427,
    "border_count": 132
  },
  "best_auc": 0.7270138135289441,
  "cv_scores": {
    "auc": [
      0.7355689816910371,
      0.7262314761970361,
      0.7016708322673332,
      0.7339178294268528,
      0.7376799480624616
    ],
    "pr_auc": [
      0.8361406954031011,
      0.827118687979749,
      0.8163626449381036,
      0.8361323380662178,
      0.8383747814588005
    ],
    "accuracy": [
      0.7356076759061834,
      0.7350746268656716,
      0.7254797441364605,
      0.7345415778251599,
      0.736
    ],
    "precision": [
      0.7403551745254133,
      0.738733252131547,
      0.7266272189349112,
      0.739742804654011,
      0.7325443786982249
    ],
    "recall": [
      0.9437939110070258,
      0.9469164715066355,
      0.9586260733801717,
      0.9430132708821234,
      0.9664324746291959
    ],
    "f1": [
      0.8297872340425532,
      0.8299692097160452,
      0.8266576910131269,
      0.8291008922443377,
      0.8333894311679569
    ]
  },
  "optimization_time_minutes": 0.9811922033627828
}