{
  "best_params": {
    "depth": 6,
    "learning_rate": 0.1492586959678669,
    "iterations": 154,
    "l2_leaf_reg": 9.119652619579627,
    "random_strength": 0.36137019338997367,
    "bagging_temperature": 0.14029355383835873,
    "subsample": 0.5541531229609176,
    "border_count": 64
  },
  "best_auc": 0.7070820565351492,
  "cv_scores": {
    "auc": [
      0.7110175217628035,
      0.7098695215791234,
      0.6790873726539797,
      0.719557331129173,
      0.7158785355506666
    ],
    "pr_auc": [
      0.8196339714748173,
      0.8163197222871797,
      0.7997682452676655,
      0.8205757996161684,
      0.8169200013532705
    ],
    "accuracy": [
      0.7302771855010661,
      0.7366737739872068,
      0.7217484008528785,
      0.7436034115138592,
      0.7242666666666666
    ],
    "precision": [
      0.7302436125965538,
      0.7380520266182699,
      0.7210250436808386,
      0.7447980416156671,
      0.726303317535545
    ],
    "recall": [
      0.9594067135050741,
      0.9523809523809523,
      0.9664324746291959,
      0.9500390320062451,
      0.9570647931303669
    ],
    "f1": [
      0.8292847503373819,
      0.8316291751874574,
      0.8258839226150767,
      0.8349914236706689,
      0.8258672953856517
    ]
  },
  "optimization_time_minutes": 0.8413501977920532
}