{
  "dataset": "NHANES 2009-2010",
  "model": "v1.3_primary_ensemble_calibrated",
  "n_train": 9379,
  "n_test": 5177,
  "prevalence_test": 0.6720108170755263,
  "metrics": {
    "auc": {
      "mean": 0.6771141964954918,
      "ci95": [
        0.6612252469095934,
        0.6933638332822355
      ]
    },
    "prauc": {
      "mean": 0.7734533687334428,
      "ci95": [
        0.7571437489815437,
        0.789245793943464
      ]
    },
    "brier": {
      "mean": 0.20025236260487186,
      "ci95": [
        0.19354020952385412,
        0.2072521352791959
      ]
    }
  },
  "operating_points": {
    "rule_out_t_0.35": {
      "sensitivity": 0.970968669157804,
      "specificity": 0.18080094228504123,
      "ppv": 0.7083245963514364,
      "npv": 0.7524509803921569
    },
    "balanced_t_0.65": {
      "sensitivity": 0.8263868927852831,
      "specificity": 0.4334511189634865,
      "ppv": 0.7492832942402919,
      "npv": 0.5492537313432836
    }
  },
  "timestamp": "2025-12-02T20:43:35.470293"
}