{
  "best_params": {
    "max_depth": 3,
    "num_leaves": 138,
    "min_child_samples": 7,
    "learning_rate": 0.11001687254540778,
    "n_estimators": 249,
    "reg_alpha": 0.3424305330415089,
    "reg_lambda": 1.523641785940643,
    "min_gain_to_split": 1.3453679966725758,
    "subsample": 0.9897354875294524,
    "subsample_freq": 0,
    "colsample_bytree": 0.6935729094903939
  },
  "best_auc": 0.727433464526728,
  "cv_scores": {
    "auc": [
      0.7330237012837921,
      0.7274752523960403,
      0.7047061447529833,
      0.7340641174502588,
      0.7378981067505658
    ],
    "pr_auc": [
      0.8331534641084144,
      0.8250624143042643,
      0.8198296344586751,
      0.8361785961300605,
      0.8336083472041604
    ],
    "accuracy": [
      0.7372068230277186,
      0.7372068230277186,
      0.7228144989339019,
      0.7372068230277186,
      0.7296
    ],
    "precision": [
      0.7334123222748815,
      0.7325855962219598,
      0.7205797101449275,
      0.7405372405372406,
      0.7311827956989247
    ],
    "recall": [
      0.9664324746291959,
      0.9687743950039032,
      0.970335675253708,
      0.9469164715066355,
      0.955503512880562
    ],
    "f1": [
      0.8339508251936679,
      0.8342857142857143,
      0.8270126413838988,
      0.8311065433367592,
      0.8284263959390863
    ]
  },
  "optimization_time_minutes": 1.2952826301256815
}