{
  "best_params": {
    "max_depth": 3,
    "num_leaves": 115,
    "min_child_samples": 86,
    "learning_rate": 0.11245978513732142,
    "n_estimators": 424,
    "reg_alpha": 1.9476452627073242,
    "reg_lambda": 0.6437832437688673,
    "min_gain_to_split": 0.035254422949505204,
    "subsample": 0.938002976060979,
    "subsample_freq": 3,
    "colsample_bytree": 0.9993995075256458
  },
  "best_auc": 0.7061896050576768,
  "cv_scores": {
    "auc": [
      0.7077860652457704,
      0.7050649768103963,
      0.6854118696658991,
      0.7227474596395935,
      0.709937653926725
    ],
    "pr_auc": [
      0.8154565392657604,
      0.8152183309834345,
      0.8028066302061285,
      0.8183762790288561,
      0.8148652872914843
    ],
    "accuracy": [
      0.7340085287846482,
      0.7329424307036247,
      0.7222814498933902,
      0.7340085287846482,
      0.72
    ],
    "precision": [
      0.7369696969696969,
      0.7369380315917375,
      0.7270011947431302,
      0.7468434343434344,
      0.7290909090909091
    ],
    "recall": [
      0.9492583918813428,
      0.9469164715066355,
      0.9500390320062451,
      0.9234972677595629,
      0.9391100702576113
    ],
    "f1": [
      0.8297509382463323,
      0.8288349846258968,
      0.823688663282572,
      0.8258289703315881,
      0.8208802456499488
    ]
  },
  "optimization_time_minutes": 1.3518339037895202
}