{
  "best_params": {
    "max_depth": 4,
    "num_leaves": 74,
    "min_child_samples": 62,
    "learning_rate": 0.15311181980443925,
    "n_estimators": 461,
    "reg_alpha": 1.3651427912594971,
    "reg_lambda": 0.7392025426357394,
    "min_gain_to_split": 2.621444753263008,
    "subsample": 0.9246723365315777,
    "subsample_freq": 7,
    "colsample_bytree": 0.9992913715933726
  },
  "best_auc": 0.724732303695889,
  "cv_scores": {
    "auc": [
      0.7332277173164348,
      0.7245573639291782,
      0.7007583361213338,
      0.730386580861853,
      0.7347315202506459
    ],
    "pr_auc": [
      0.832358629021542,
      0.8218600671582899,
      0.8135401419290065,
      0.8319012325344392,
      0.8285579754716276
    ],
    "accuracy": [
      0.7345415778251599,
      0.7366737739872068,
      0.7233475479744137,
      0.7372068230277186,
      0.7264
    ],
    "precision": [
      0.7362703681351841,
      0.7313345091122869,
      0.7257109004739336,
      0.7405372405372406,
      0.7335766423357665
    ],
    "recall": [
      0.9523809523809523,
      0.9711163153786104,
      0.9562841530054644,
      0.9469164715066355,
      0.9414519906323185
    ],
    "f1": [
      0.8304969366916269,
      0.8343393695506371,
      0.8251936679016504,
      0.8311065433367592,
      0.8246153846153846
    ]
  },
  "optimization_time_minutes": 1.2923177162806192
}