{
  "current_threshold": 0.49,
  "sensitivity": 0.9789227166276346,
  "specificity": 0.1977135171486214,
  "precision": 0.7243530499075785,
  "npv": 0.8132780082987552,
  "accuracy": 0.7312080179123573,
  "confusion_matrix": {
    "tn": 588,
    "fp": 2386,
    "fn": 135,
    "tp": 6270
  },
  "clinical_operating_point": {
    "threshold": null,
    "recall": null,
    "specificity": null,
    "f1": null
  }
}