{
  "version": "v1.2-quick-wins",
  "ensemble": {
    "weights": {
      "catboost": 0.34,
      "xgboost": 0.33,
      "lightgbm": 0.33
    },
    "auc": 0.7285443660304477,
    "pr_auc": 0.830530021132268,
    "brier": 0.17969364622252929
  },
  "threshold_tuning": {
    "target_recall": 0.95,
    "optimal_threshold": 0.44000000000000006,
    "recall_at_threshold": 0.9836065573770492,
    "precision_at_threshold": 0.7209062821833162,
    "f1_at_threshold": 0.8320126782884311
  },
  "calibration": {
    "method": "isotonic",
    "brier_before": 0.17969364622252929,
    "brier_after": 0.17820530865166484,
    "improvement_pct": 0.8282638825311139
  },
  "comparison_to_v11": {
    "v11_best_auc": 0.727382382942042,
    "v12_ensemble_auc": 0.7285443660304477,
    "improvement": 0.0011619830884056492
  }
}