{
  "version": "v1.3-light",
  "features": {
    "total": 33,
    "with_monotonic": 9
  },
  "ensemble": {
    "auc": 0.7244638808261241,
    "pr_auc": 0.8208202597569231,
    "brier": 0.17937411351876356
  },
  "operating_points": {
    "target_a_achieved": false,
    "rule_out": {
      "threshold": 0.3713131313131313,
      "recall": 0.9797033567523841,
      "specificity": 0.2000672494955615,
      "precision": 0.7250982204759966,
      "npv": 0.8206896551712818,
      "f1": 0.8333886707375504
    },
    "balanced": {
      "threshold": 0.6732323232323232,
      "recall": 0.7497267759561671,
      "specificity": 0.5800268997980564,
      "youden_j": 0.32975367575422343,
      "f1": 0.771034039320447
    }
  },
  "model_metrics": {
    "xgboost": {
      "auc_mean": 0.7223655838667089,
      "auc_std": 0.016422676085960843,
      "pr_auc_mean": 0.8249713048750505,
      "recall_mean": 0.9402029664324747,
      "specificity_mean": 0.2918614718614719,
      "f1_mean": 0.828745527344606
    },
    "catboost": {
      "auc_mean": 0.7137826439291288,
      "auc_std": 0.01615401444663678,
      "pr_auc_mean": 0.815848675264754,
      "recall_mean": 0.9256830601092897,
      "specificity_mean": 0.31371813371813373,
      "f1_mean": 0.8249125169542199
    },
    "lightgbm": {
      "auc_mean": 0.7230349723374474,
      "auc_std": 0.016272642586737232,
      "pr_auc_mean": 0.8245524968624262,
      "recall_mean": 0.9459797033567525,
      "specificity_mean": 0.2743779532014826,
      "f1_mean": 0.8287588576892541
    }
  }
}