{
  "best_params": {
    "max_depth": 9,
    "min_child_weight": 6,
    "learning_rate": 0.035150438048597535,
    "n_estimators": 201,
    "gamma": 3.448983660610896,
    "reg_alpha": 1.8462621914408657,
    "reg_lambda": 0.1967398466033678,
    "subsample": 0.6253907606558822,
    "colsample_bytree": 0.7712490814271061
  },
  "best_auc": 0.7235413686366526,
  "cv_scores": {
    "auc": [
      0.731552949048472,
      0.7226956356313018,
      0.698981887837102,
      0.7321833651493385,
      0.7322930055170492
    ],
    "pr_auc": [
      0.8360678511970515,
      0.8214375836813448,
      0.81033644028659,
      0.8305281967746357,
      0.8323870391658041
    ],
    "accuracy": [
      0.726545842217484,
      0.7228144989339019,
      0.714818763326226,
      0.732409381663113,
      0.7232
    ],
    "precision": [
      0.7145251396648045,
      0.7117417918753478,
      0.7053964757709251,
      0.7273788674839463,
      0.7126116071428571
    ],
    "recall": [
      0.9984387197501952,
      0.9984387197501952,
      1.0,
      0.9726775956284153,
      0.9968774395003903
    ],
    "f1": [
      0.8329534353630739,
      0.8310591293047433,
      0.827252179528576,
      0.8323313293253173,
      0.8311096648226489
    ]
  },
  "optimization_time_minutes": 1.040069818496704
}