{
  "best_params": {
    "max_depth": 4,
    "min_child_weight": 3,
    "learning_rate": 0.07558480462369277,
    "n_estimators": 256,
    "gamma": 0.9735515019453482,
    "reg_alpha": 1.5760719533272627,
    "reg_lambda": 0.9999220275638587,
    "subsample": 0.5788514314691314,
    "colsample_bytree": 0.8372696344230353
  },
  "best_auc": 0.7055645476162535,
  "cv_scores": {
    "auc": [
      0.7054034728645557,
      0.7033147685303629,
      0.6811642689862831,
      0.7210379233660678,
      0.7169023043339984
    ],
    "pr_auc": [
      0.8151932281720156,
      0.8131113857921635,
      0.7990903355998983,
      0.8208378071027232,
      0.8164599135379966
    ],
    "accuracy": [
      0.7318763326226013,
      0.6828358208955224,
      0.7244136460554371,
      0.7318763326226013,
      0.7232
    ],
    "precision": [
      0.7346200241254524,
      0.6828358208955224,
      0.7265717674970344,
      0.743734335839599,
      0.722027972027972
    ],
    "recall": [
      0.9508196721311475,
      1.0,
      0.9562841530054644,
      0.9266198282591726,
      0.9672131147540983
    ],
    "f1": [
      0.8288533514800953,
      0.811529933481153,
      0.8257499157398045,
      0.8251651025373653,
      0.8268268268268268
    ]
  },
  "optimization_time_minutes": 0.9582099676132202
}