{
  "best_params": {
    "max_depth": 3,
    "min_child_weight": 5,
    "learning_rate": 0.08540328935242016,
    "n_estimators": 371,
    "gamma": 3.1816631935056994,
    "reg_alpha": 1.951337621384632,
    "reg_lambda": 1.5898641216401581,
    "subsample": 0.8481677082992158,
    "colsample_bytree": 0.9608855242608321
  },
  "best_auc": 0.7263196423902674,
  "cv_scores": {
    "auc": [
      0.7331863893098223,
      0.7265233962437434,
      0.6997533439605351,
      0.7348211415713827,
      0.7373139408658533
    ],
    "pr_auc": [
      0.8338499685437405,
      0.8256103459764255,
      0.8162123486164031,
      0.8362400539363345,
      0.8327729302692775
    ],
    "accuracy": [
      0.7425373134328358,
      0.7414712153518124,
      0.7281449893390192,
      0.7340085287846482,
      0.7354666666666667
    ],
    "precision": [
      0.7427007299270073,
      0.7432762836185819,
      0.7221902017291066,
      0.7416563658838071,
      0.7380230442692541
    ],
    "recall": [
      0.9531615925058547,
      0.9492583918813428,
      0.9781420765027322,
      0.936768149882904,
      0.9500390320062451
    ],
    "f1": [
      0.8348717948717949,
      0.8337332876242715,
      0.8309018567639257,
      0.8278716798896171,
      0.830716723549488
    ]
  },
  "optimization_time_minutes": 1.747748351097107
}